{
  "contractEtherDelta": "smart_contract/etherdelta.sol",
  "contractToken": "smart_contract/token.sol",
  "contractReserveToken": "smart_contract/reservetoken.sol",
  "contractEtherDeltaAddrs": [
       { "addr": "0x51a2b1a38ec83b56009d5e28e6222dbb56c23c22", "info": "Deployed 09/10/2018 -- nDEXMarket SMART CONTRACT" },
        { "addr": "0x8d12A197cB00D4747a1fe03395095ce2A5CC6819", "info": "Deployed 02/09/2017 -- EtherDelta SMART CONTRACT"}
       
     ],
  "ethTestnet": false,
  "ethChainId": 1,
  "ethProvider": "http://localhost:8545",
  "ethGasPrice": 6000000000,
  "ethAddr": "0x0000000000000000000000000000000000000000",
  "ethAddrPrivateKey": "",
  "gasApprove": 150000,
  "gasDeposit": 150000,
  "gasWithdraw": 150000,
  "gasTrade": 150000,
  "gasOrder": 150000,
  "minOrderSize": 0.00001,
  "socketServer":"https://api.ndexnetwork.com",
				 
  "userCookie": "nDEXMarket",
  "eventsCacheCookie": "nDEXMarket_eventsCache",
  "ordersCacheCookie": "nDEXMarket_ordersCache",
  "etherscanAPIKey": "SEZKUH85YGA3PA56YXQI8AMYAZ1AH3YGPS",
  "ledgerPath": "m/44'/60'/0'/0",
  "bases": [
    { "addr": "0x0000000000000000000000000000000000000000", "name": "ETH", "decimals": 18 }
  ],
  
  "tokens":[
    {  "addr": "0x0000000000000000000000000000000000000000", "name": "ETH", "decimals": 18}, 
    {"addr": "0x006bea43baa3f7a6f765f14f10a1a1b08334ef45", "name": "STX", "decimals": 18 },
    { "addr": "0x0766e79a6fd74469733e8330b3b461c0320ff059", "name": "EXN", "decimals": 18 },
    { "addr": "0x0784dbabb6c6834bddfb7cfee116ba049e5dafab", "name": "IBTC", "decimals": 18 },
    { "addr": "0x0ffab58ea5a71cc3ca40217706c3c401407fa4a8", "name": "INDIOLD", "decimals": 18 },
    { "addr": "0x1063ce524265d5a3a624f4914acd573dd89ce988", "name": "AIX", "decimals": 18 },
    { "addr": "0x24ddff6d8b8a42d835af3b440de91f3386554aa4", "name": "ING", "decimals": 18 },
    { "addr": "0x2baac9330cf9ac479d819195794d79ad0c7616e3", "name": "ADB", "decimals": 18 },
    { "addr": "0x2c82c73d5b34aa015989462b2948cd616a37641f", "name": "SXUT", "decimals": 18 },
    { "addr": "0x2c974b2d0ba1716e644c1fc59982a89ddd2ff724", "name": "VIB", "decimals": 18 },
    { "addr": "0x2ca72c9699b92b47272c9716c664cad6167c80b0", "name": "GUNS", "decimals": 18 },
    { "addr": "0x3eb21f4678b352fcd8facf06b642c6720e04961b", "name": "ALPHA", "decimals": 18 },
    { "addr": "0x420335d3deef2d5b87524ff9d0fb441f71ea621f", "name": "BITINDIA", "decimals": 18 },
    { "addr": "0x4cd988afbad37289baaf53c13e98e2bd46aaea8c", "name": "KEY", "decimals": 18 },
    { "addr": "0x4e0603e2a27a30480e5e3a4fe548e29ef12f64be", "name": "CREDO", "decimals": 18 },
    { "addr": "0x4fbc28e3b3c1c50ee05dcd66d9fc614a0cb99705", "name": "HHT", "decimals": 18 },
    { "addr": "0x52a7cb918c11a16958be40cba7e31e32a499a465", "name": "FDX", "decimals": 18 },
    { "addr": "0x52e30201f31283dc5f7928b4198896083f604416", "name": "MLD", "decimals": 18 },
    { "addr": "0x5882d49d3511e09096cbbab7e19fbfb82f65f28d", "name": "BIONT", "decimals": 18 },
    { "addr": "0x5afda18caba69fe3af5e6d56e42e1c9f92c40d77", "name": "MCD", "decimals": 18 },
    { "addr": "0x5ca9a71b1d01849c0a95490cc00559717fcf0d1d", "name": "AE", "decimals": 18 },
    { "addr": "0x662abcad0b7f345ab7ffb1b1fbb9df7894f18e66", "name": "CTX", "decimals": 18 },
    { "addr": "0x818fc6c2ec5986bc6e2cbf00939d90556ab12ce5", "name": "KIN", "decimals": 18 },
    { "addr": "0x8198e349afd0a09efb06b460452ec1beab7a20aa", "name": "MDTK", "decimals": 18 },
    { "addr": "0x90b1b771d0814d607da104b988efa39288219d62", "name": "MEDI", "decimals": 18 },
    { "addr": "0x90c88ccd74e57e016acae8ad1eaa12ecf4c06f33", "name": "IBTCOLD", "decimals": 18 },
    { "addr": "0xfd219686033da14219142504c7a63ae8a4912134", "name": "eBTCS", "decimals": 18 },
    { "addr": "0xfeed1a53bd53ffe453d265fc6e70dd85f8e993b6", "name": "H2O", "decimals": 18 },
    { "addr": "0xff18dbc487b4c2e3222d115952babfda8ba52f5f", "name": "LIFE", "decimals": 18 },
    { "addr": "0xf6276830c265a779a2225b9d2fcbab790cbeb92b", "name": "XCEL", "decimals": 18 },
    { "addr": "0x657A5DC7628f0F976Eb443f9De0B358F468191D9", "name": "EOSB", "decimals": 18 },
    { "addr": "0x1966d718A565566e8E202792658D7b5Ff4ECe469", "name": "NDX", "decimals" : 18 },
    { "addr": "0x2fe0bc5ffb80a84739da913f0a393a4b0cce661b", "name": "QPY", "decimals": 18 },
    { "addr": "0xE2d4eA9fD5EcCc15ae06B3bc5c6B8778408d42C3", "name": "SMPay", "decimals": 8 },
    { "addr": "0xC4e909299bD1E2c60E4386e5eE1c718a3Db50aB9", "name": "CRYPT", "decimals": 18 },
    { "addr": "0x42c8414c5a6bdaf193e459ac26ed0ce11a44e9b4", "name": "TMB", "decimals": 18 },
    { "addr": "0x0fddf0a5a22728a105366592b52f21a0e75cf1c6", "name": "DNP", "decimals": 18},
    { "addr": "0x632a9DC767860d3bA86F2aC6575bAC51402B9Afa", "name": "EVA", "decimals": 6},
    { "addr": "0x479ECCECDe65E3350D4b2305e42026f6dbAE4a18", "name": "NDT", "decimals": 18},
    { "addr": "0xbe6c8f2810ef39420d2dc2901b8414c8c45fee6d", "name": "MICRO", "decimals": 18},
    { "addr": "0xf3fe733717ab28cdcb7f2dc22d06c7de858d3edf", "name": "MIRC", "decimals": 18},
    { "addr": "0x0f612a09ead55bb81b6534e80ed5a21bf0a27b16", "name": "ENTS", "decimals": 8},
    { "addr": "0x41875c2332b0877cdfaa699b641402b7d4642c32", "name": "FTXT", "decimals": 8},
    { "addr": "0x41ab1b6fcbb2fa9dced81acbdec13ea6315f2bf2", "name": "XDCE", "decimals": 18},
    { "addr": "0x74fd51a98a4a1ecbef8cc43be801cce630e260bd", "name": "SCC", "decimals": 18},
    { "addr": "0x3918C42F14F2eB1168365F911f63E540E5A306b5", "name": "NRP", "decimals": 8},
    { "addr": "0x45eD02e374Aef2e4b34c04e86AD9D45891d10751", "name": "DFS", "decimals": 18},
    { "addr": "0x5B86b0d1C304C246282dEa0e0f21DB2bAa429b31", "name": "RAI", "decimals": 8},
    { "addr": "0xB5351D809062cf8E2238Bbd2c54aF905fB55e42D", "name": "XWO", "decimals": 18}
   ],
  "defaultPair": { "token": "NDT", "base": "ETH" }
}
